{
  "type": "minecraft:ore",
  "config": {
    "size": 64,
    "discard_chance_on_air_exposure": 0,
    "targets": [
      {
        "target": {
          "predicate_type": "minecraft:random_block_match",
          "block": "minecraft:nether_bricks",
          "probability": 0.1
        },
        "state": {
          "Name": "minecraft:cracked_polished_blackstone_bricks"
        }
      },
      {
        "target": {
          "predicate_type": "minecraft:random_block_match",
          "block": "minecraft:nether_bricks",
          "probability": 0.01
        },
        "state": {
          "Name": "minecraft:smooth_basalt"
        }
      },
      {
        "target": {
          "predicate_type": "minecraft:random_block_match",
          "block": "minecraft:nether_bricks",
          "probability": 0.05
        },
        "state": {
          "Name": "minecraft:chiseled_polished_blackstone"
        }
      },
      {
        "target": {
          "predicate_type": "minecraft:random_block_match",
          "block": "minecraft:nether_bricks",
          "probability": 0.25
        },
        "state": {
          "Name": "minecraft:cracked_polished_blackstone_bricks"
        }
      },
      {
        "target": {
          "predicate_type": "minecraft:random_block_match",
          "block": "minecraft:nether_bricks",
          "probability": 0.43
        },
        "state": {
          "Name": "minecraft:polished_blackstone"
        }
      }
    ]
  }
}
