{
	"type": "minecraft:vegetation_patch",
	"config": {
		"surface": "floor",
		"depth": 1,
		"vertical_range": 10,
		"extra_bottom_block_chance": 0,
		"extra_edge_column_chance": 0.5,
		"vegetation_chance": 1,
		"xz_radius": {
			"type": "minecraft:uniform",
			"value": {
				"min_inclusive": 3,
				"max_inclusive": 6
			}
		},
		"replaceable": "#fokastudio:basalt_deltas/stalactites_replacable",
		"ground_state": {
			"type": "minecraft:weighted_state_provider",
			"entries": [
				{
					"weight": 1,
					"data": {
						"Name": "minecraft:polished_basalt",
						"Properties": {
							"axis": "y"
						}
					}
				},
				{
					"weight": 50,
					"data": {
						"Name": "minecraft:basalt",
						"Properties": {
							"axis": "y"
						}
					}
				},
				{
					"weight": 4,
					"data": {
						"Name": "minecraft:smooth_basalt"
					}
				}
			]
		},
		"vegetation_feature": {
			"feature": {
				"type": "minecraft:block_column",
				"config": {
					"direction": "up",
					"allowed_placement": {
						"type": "minecraft:matching_blocks",
						"offset": [
							0,
							1,
							0
						],
						"blocks": [
							"minecraft:air"
						]
					},
					"prioritize_tip": true,
					"layers": [
						{
							"height": {
								"type": "minecraft:uniform",
								"value": {
									"min_inclusive": 1,
									"max_inclusive": 3
								}
							},
							"provider": {
								"type": "minecraft:weighted_state_provider",
								"entries": [
									{
										"weight": 1,
										"data": {
											"Name": "minecraft:polished_basalt",
											"Properties": {
												"axis": "y"
											}
										}
									},
									{
										"weight": 50,
										"data": {
											"Name": "minecraft:basalt",
											"Properties": {
												"axis": "y"
											}
										}
									},
									{
										"weight": 4,
										"data": {
											"Name": "minecraft:smooth_basalt"
										}
									}
								]
							}
						}
					]
				}
			},
			"placement": []
		}
	}
}
