{
	"temperature": 2,
	"downfall": 0,
	"precipitation": "none",
	"effects": {
		"sky_color": 7254527,
		"fog_color": 3343107,
		"water_color": 4159204,
		"water_fog_color": 329011,
		"grass_color": 12132898,
		"foliage_color": 10490643,
		"ambient_sound": "minecraft:ambient.crimson_forest.loop",
		"mood_sound": {
			"sound": "minecraft:ambient.crimson_forest.mood",
			"tick_delay": 900,
			"block_search_extent": 8,
			"offset": 2
		},
		"additions_sound": {
			"sound": "minecraft:ambient.crimson_forest.additions",
			"tick_chance": 0.0111
		},
		"music": {
			"sound": "minecraft:music.nether.crimson_forest",
			"min_delay": 12000,
			"max_delay": 24000,
			"replace_current_music": false
		},
		"particle": {
			"options": {
				"type": "minecraft:crimson_spore"
			},
			"probability": 0.025
		}
	},
	"spawners": {
		"monster": [
			{
				"type": "minecraft:zombified_piglin",
				"weight": 1,
				"minCount": 2,
				"maxCount": 4
			},
			{
				"type": "minecraft:hoglin",
				"weight": 9,
				"minCount": 3,
				"maxCount": 4
			},
			{
				"type": "minecraft:piglin",
				"weight": 5,
				"minCount": 3,
				"maxCount": 4
			}
		],
		"creature": [
			{
				"type": "minecraft:strider",
				"weight": 60,
				"minCount": 1,
				"maxCount": 2
			}
		],
		"ambient": [],
		"axolotls": [],
		"underground_water_creature": [],
		"water_creature": [],
		"water_ambient": [],
		"misc": []
	},
	"spawn_costs": {},
	"carvers": {
		"air": [
			"minecraft:nether_cave"
		]
	},
	"features": [
		[
			"fokastudio:nether/stalactite",
			"fokastudio:nether/hills",
			"fokastudio:crimson_forest/ceiling"
		],
		[	
			"minecraft:basalt_pillar",
			"fokastudio:crimson_forest/deltas"
		],
		[
			"fokastudio:crimson_forest/trees",
			"minecraft:crimson_fungi"
		],
		[],
		[],
		[],
		[],
		[
			"minecraft:spring_open",
			"minecraft:patch_fire",
			"minecraft:glowstone_extra",
			"minecraft:glowstone",
			"minecraft:ore_magma",
			"minecraft:spring_closed",
			"fokastudio:crimson_forest/ore_concrete_powder",
			"minecraft:ore_blackstone",
			"minecraft:ore_gold_nether",
			"minecraft:ore_quartz_nether",
			"minecraft:ore_ancient_debris_large",
			"minecraft:ore_debris_small"
		],
		[
			"minecraft:spring_lava",
			"minecraft:brown_mushroom_normal",
			"minecraft:red_mushroom_normal",
			"minecraft:weeping_vines",
			"minecraft:crimson_forest_vegetation",
			"fokastudio:dungeons/nether/dungeons"
		],
		[],
		[]
	]
}
