{
	"temperature": -2,
	"downfall": 0,
	"precipitation": "none",
	"effects": {
		"sky_color": 5667492,
		"fog_color": 4283249,
		"water_color": 4159204,
		"water_fog_color": 329011,
		"grass_color": 4352911,
		"foliage_color": 4422056,
		"ambient_sound": "minecraft:ambient.warped_forest.loop",
		"mood_sound": {
			"sound": "minecraft:ambient.warped_forest.mood",
			"tick_delay": 900,
			"block_search_extent": 8,
			"offset": 2
		},
		"additions_sound": {
			"sound": "minecraft:ambient.warped_forest.additions",
			"tick_chance": 0.0111
		},
		"music": {
			"sound": "minecraft:music.nether.warped_forest",
			"min_delay": 3000,
			"max_delay": 6000,
			"replace_current_music": false
		},
		"particle": {
			"options": {
				"type": "minecraft:warped_spore"
			},
			"probability": 0.01428
		}
	},
	"spawners": {
		"monster": [
			{
				"type": "minecraft:phantom",
				"weight": 15,
				"minCount": 3,
				"maxCount": 3
			},
			{
				"type": "minecraft:silverfish",
				"weight": 27,
				"minCount": 3,
				"maxCount": 5
			},
			{
				"type": "minecraft:enderman",
				"weight": 40,
				"minCount": 1,
				"maxCount": 4
			}
		],
		"creature": [],
		"ambient": [],
		"underground_water_creature": [],
		"water_creature": [],
		"water_ambient": [],
		"misc": []
	},
	"spawn_costs": {
		"minecraft:enderman": {
			"energy_budget": 0.24,
			"charge": 1
		}
	},
	"carvers": {
		"air": [
			"minecraft:nether_cave"
		],
		"liquid": []
	},
	"features": [
		[
			"fokastudio:nether/stalactite",
			"fokastudio:nether/hills"
		],
		[
			"minecraft:basalt_pillar",
			"fokastudio:warped_forest/deltas",
			"fokastudio:warped_forest/lakes"
		],
		[
			"minecraft:warped_forest_vegetation"
		],
		[],
		[],
		[
			"minecraft:twisting_vines"
		],
		[
			"fokastudio:warped_forest/bush",
			"minecraft:warped_fungi",
			"fokastudio:warped_forest/ceiling",
			"fokastudio:warped_forest/trees"
		],
		[
			"minecraft:ore_blackstone",
			"minecraft:ore_quartz_nether",
			"minecraft:ore_debris_small",
			"fokastudio:warped_forest/ore_concrete_powder",
			"fokastudio:nether_geode"
		],
		[],
		[],
		[
			"minecraft:glowstone",
			"minecraft:glowstone_extra",
			"fokastudio:dungeons/nether/dungeons"
		]
	]
}
