{
  "variants": {
    "axis=x": [
      {"model": "minecraft:block/deepslate",                      "weight": 2,            "x": 90,  "y": 90},
      {"model": "minecraft:block/deepslate_mirrored",             "weight": 1,            "x": 90,  "y": 90},
      {"model": "minecraft:block/deepslate",                      "weight": 2,            "x": 90,  "y": 90},
      {"model": "minecraft:block/deepslate_mirrored",             "weight": 1,            "x": 90,  "y": 90},

      {"model": "minecraft:block/deepslate/deepslate_2",          "weight": 2,            "x": 90,  "y": 90},
      {"model": "minecraft:block/deepslate/deepslate_mirrored_2", "weight": 1,            "x": 90,  "y": 90},
      {"model": "minecraft:block/deepslate/deepslate_2",          "weight": 2,            "x": 90,  "y": 90},
      {"model": "minecraft:block/deepslate/deepslate_mirrored_2", "weight": 1,            "x": 90,  "y": 90},

      {"model": "minecraft:block/deepslate/deepslate_3",          "weight": 2,            "x": 90,  "y": 90},
      {"model": "minecraft:block/deepslate/deepslate_mirrored_3", "weight": 1,            "x": 90,  "y": 90},
      {"model": "minecraft:block/deepslate/deepslate_3",          "weight": 2,            "x": 90,  "y": 90},
      {"model": "minecraft:block/deepslate/deepslate_mirrored_3", "weight": 1,            "x": 90,  "y": 90},

      {"model": "minecraft:block/deepslate/deepslate_4",          "weight": 2,            "x": 90,  "y": 90},
      {"model": "minecraft:block/deepslate/deepslate_mirrored_4", "weight": 1,            "x": 90,  "y": 90},
      {"model": "minecraft:block/deepslate/deepslate_4",          "weight": 2,            "x": 90,  "y": 90},
      {"model": "minecraft:block/deepslate/deepslate_mirrored_4", "weight": 1,            "x": 90,  "y": 90}
              ],

    "axis=y": [
      {"model": "minecraft:block/deepslate",                      "weight": 2},
      {"model": "minecraft:block/deepslate_mirrored",             "weight": 1},
      {"model": "minecraft:block/deepslate",                      "weight": 2,                      "y": 180},
      {"model": "minecraft:block/deepslate_mirrored",             "weight": 1,                      "y": 180},

      {"model": "minecraft:block/deepslate/deepslate_2",          "weight": 2},
      {"model": "minecraft:block/deepslate/deepslate_mirrored_2", "weight": 1},
      {"model": "minecraft:block/deepslate/deepslate_2",          "weight": 2,                      "y": 180},
      {"model": "minecraft:block/deepslate/deepslate_mirrored_2", "weight": 1,                      "y": 180},

      {"model": "minecraft:block/deepslate/deepslate_3",          "weight": 2},
      {"model": "minecraft:block/deepslate/deepslate_mirrored_3", "weight": 1},
      {"model": "minecraft:block/deepslate/deepslate_3",          "weight": 2,                      "y": 180},
      {"model": "minecraft:block/deepslate/deepslate_mirrored_3", "weight": 1,                      "y": 180},

      {"model": "minecraft:block/deepslate/deepslate_4",          "weight": 2},
      {"model": "minecraft:block/deepslate/deepslate_mirrored_4", "weight": 1},
      {"model": "minecraft:block/deepslate/deepslate_4",          "weight": 2,                      "y": 180},
      {"model": "minecraft:block/deepslate/deepslate_mirrored_4", "weight": 1,                      "y": 180}


    ],
    "axis=z": [
      {"model": "minecraft:block/deepslate",                      "weight": 2,            "x": 90},
      {"model": "minecraft:block/deepslate_mirrored",             "weight": 1,            "x": 90},
      {"model": "minecraft:block/deepslate",                      "weight": 2,            "x": 90,  "y": 180},
      {"model": "minecraft:block/deepslate_mirrored",             "weight": 1,            "x": 90,  "y": 180},

      {"model": "minecraft:block/deepslate/deepslate_2",          "weight": 2,            "x": 90},
      {"model": "minecraft:block/deepslate/deepslate_mirrored_2", "weight": 1,            "x": 90},
      {"model": "minecraft:block/deepslate/deepslate_2",          "weight": 2,            "x": 90,  "y": 180},
      {"model": "minecraft:block/deepslate/deepslate_mirrored_2", "weight": 1,            "x": 90,  "y": 180},

      {"model": "minecraft:block/deepslate/deepslate_3",          "weight": 2,            "x": 90},
      {"model": "minecraft:block/deepslate/deepslate_mirrored_3", "weight": 1,            "x": 90},
      {"model": "minecraft:block/deepslate/deepslate_3",          "weight": 2,            "x": 90,  "y": 180},
      {"model": "minecraft:block/deepslate/deepslate_mirrored_3", "weight": 1,            "x": 90,  "y": 180},

      {"model": "minecraft:block/deepslate/deepslate_4",          "weight": 2,            "x": 90},
      {"model": "minecraft:block/deepslate/deepslate_mirrored_4", "weight": 1,            "x": 90},
      {"model": "minecraft:block/deepslate/deepslate_4",          "weight": 2,            "x": 90,  "y": 180},
      {"model": "minecraft:block/deepslate/deepslate_mirrored_4", "weight": 1,            "x": 90,  "y": 180}

    ]
  }
}