{
  "variants": {
    "": [
      {"model": "minecraft:block/deepslate_lapis_ore/deepslate_lapis_ore",              "weight": 1},
      {"model": "minecraft:block/deepslate_lapis_ore/deepslate_lapis_ore_mirrored",     "weight": 1},

      {"model": "minecraft:block/deepslate_lapis_ore/deepslate_lapis_ore_2",            "weight": 1},
      {"model": "minecraft:block/deepslate_lapis_ore/deepslate_lapis_ore_mirrored_2",   "weight": 1},

      {"model": "minecraft:block/deepslate_lapis_ore/deepslate_lapis_ore_3",            "weight": 1},
      {"model": "minecraft:block/deepslate_lapis_ore/deepslate_lapis_ore_mirrored_3",   "weight": 1},

      {"model": "minecraft:block/deepslate_lapis_ore/deepslate_lapis_ore_4",            "weight": 1},
      {"model": "minecraft:block/deepslate_lapis_ore/deepslate_lapis_ore_mirrored_4",   "weight": 1}

    ]
  }
}