{
  "variants": {
    "half=lower": [
      {"model": "minecraft:block/flowers/sunflower/sunflower_bottom"},
      {"model": "minecraft:block/flowers/sunflower/sunflower_bottom_1"},
      {"model": "minecraft:block/flowers/sunflower/sunflower_bottom_2"},
      {"model": "minecraft:block/flowers/sunflower/sunflower_bottom_3"}
         ],
         "half=upper": [
          {"model": "minecraft:block/flowers/sunflower/sunflower_top"},
          {"model": "minecraft:block/flowers/sunflower/sunflower_top_1"},
          {"model": "minecraft:block/flowers/sunflower/sunflower_top_2"},
          {"model": "minecraft:block/flowers/sunflower/sunflower_top_3"}
             ]
  }
}