{
	"type": "minecraft:jigsaw",
	"biomes": "#minecraft:has_structure/bastion_remnant",
	"step": "surface_structures",
	"spawn_overrides": {
		"monster": {
			"bounding_box": "piece",
			"spawns": [
				{
					"type": "minecraft:piglin",
					"weight": 1,
					"minCount": 1,
					"maxCount": 3
				}
			]
		}
	},
	"terrain_adaptation": "beard_box",
	"start_pool": "minecraft:bastion/starts",
	"size": 6,
	"start_height": {
		"type": "minecraft:uniform",
		"min_inclusive": {
			"absolute": 33
		},
		"max_inclusive": {
			"absolute": 128
		}
	},
	"max_distance_from_center": 80,
	"use_expansion_hack": false
}
