{
	"credit": "Stardust did something here",
	"parent": "minecraft:item/generated",
	"textures": {
		"layer0": "item/carrot",
		"particle": "item/carrot_particle"
	},
	"gui_light": "front",
	"display": {
		"thirdperson_righthand": {
			"rotation": [0, 0, 45],
			"translation": [0, 3, 1],
			"scale": [0.55, 0.55, 0.55]
		},
		"thirdperson_lefthand": {
			"rotation": [0, 0, -45],
			"translation": [0, 3, 1],
			"scale": [0.55, 0.55, 0.55]
		},
		"firstperson_lefthand": {
			"rotation": [0, 90, -25],
			"translation": [1.13, 3.2, 1.13],
			"scale": [0.68, 0.68, 0.68]
		},
		"gui": {
			"translation": [-1, 0, 0]
		},
		"head": {
			"rotation": [0, 180, 45],
			"translation": [0, 10, 1]
		},
		"fixed": {
			"rotation": [0, 180, 0]
		}
	}
}