{
	"credit": "Stardust did something here",
	"parent": "minecraft:item/generated",
	"textures": {
		"layer0": "item/cooked_porkchop"
	},
	"display": {
		"thirdperson_righthand": {
			"translation": [0.75, 3.25, 1],
			"scale": [0.55, 0.55, 0.55]
		},
		"thirdperson_lefthand": {
			"translation": [-0.75, 3.25, 1],
			"scale": [0.55, 0.55, 0.55]
		},
		"gui": {
			"translation": [-0.5, 0, 0]
		},
		"head": {
			"rotation": [0, 180, 0],
			"translation": [0, 13, 0.25]
		},
		"fixed": {
			"rotation": [0, 180, 0],
			"translation": [0.5, 0, 0]
		}
	}
}