{
	"credit": "Stardust did something here",
	"textures": {
		"layer0": "block/lever"
	},
	"elements": [
		{
			"from": [7, 0, 7],
			"to": [9, 10, 9],
			"faces": {
				"north": {"uv": [7, 6, 9, 16], "texture": "#layer0"},
				"east": {"uv": [7, 6, 9, 16], "texture": "#layer0"},
				"south": {"uv": [7, 6, 9, 16], "texture": "#layer0"},
				"west": {"uv": [7, 6, 9, 16], "texture": "#layer0"},
				"up": {"uv": [7, 6, 9, 8], "texture": "#layer0"},
				"down": {"uv": [7, 14, 9, 16], "texture": "#layer0"}
			}
		}
	],
	"gui_light": "front",
	"display": {
		"thirdperson_righthand": {
			"translation": [0.25, 4.5, 1.5],
			"scale": [0.65, 0.65, 0.65]
		},
		"thirdperson_lefthand": {
			"translation": [0.25, 4.5, 1.5],
			"scale": [0.65, 0.65, 0.65]
		},
		"firstperson_righthand": {
			"rotation": [355, 20, 5],
			"translation": [2, 3.5, 0],
			"scale": [0.6, 0.6, 0.6]
		},
		"firstperson_lefthand": {
			"rotation": [355, 200, 355],
			"translation": [2, 3.5, 0],
			"scale": [0.6, 0.6, 0.6]
		},
		"ground": {
			"translation": [0, 3, 0],
			"scale": [0.35, 0.35, 0.35]
		},
		"head": {
			"translation": [0, 14.25, 0]
		},
		"fixed": {
			"translation": [0, 4.25, 0],
			"scale": [1.5, 1.5, 1.5]
		}
	}
}