{
	"type": "minecraft:entity",
	"pools": [
		{
			"rolls": {
				"min": 3,
				"max": 4
			},
			"bonus_rolls": {
				"min": 0,
				"max": 2
			},
			"entries": [
				{
					"type": "minecraft:item",
					"name": "minecraft:soul_sand",
					"functions": [
						{
							"function": "minecraft:set_count",
							"count": {
								"min": 6,
								"max": 17
							}
						},
						{
							"function": "minecraft:looting_enchant",
							"count": {
								"min": 0,
								"max": 2
							}
						}
					]
				},
				{
					"type": "minecraft:item",
					"name": "minecraft:soul_soil",
					"functions": [
						{
							"function": "minecraft:set_count",
							"count": {
								"min": 2,
								"max": 10
							}
						},
						{
							"function": "minecraft:looting_enchant",
							"count": {
								"min": 1,
								"max": 2
							},
							"limit": 0
						}
					]
				},
				{
					"type": "minecraft:item",
					"name": "minecraft:coal",
					"functions": [
						{
							"function": "minecraft:set_count",
							"count": {
								"min": 0,
								"max": 11
							}
						},
						{
							"function": "minecraft:looting_enchant",
							"count": {
								"min": 0,
								"max": 2
							}
						}
					]
				}
			]
		}
	]
}
