{
	"credit": "The Stardust System did something here",
	"parent": "block/block",
	"texture_size": [32, 64],
	"textures": {
		"2": "block/new_dragon_egg",
		"particle": "block/dragon_egg_particle"
	},
	"elements": [
		{
			"name": "1",
			"from": [5, 14, 5],
			"to": [11, 16, 11],
			"faces": {
				"north": {"uv": [4.5, 4, 7.5, 4.5], "texture": "#2"},
				"east": {"uv": [0, 4, 3, 4.5], "texture": "#2"},
				"south": {"uv": [4.5, 4, 7.5, 4.5], "texture": "#2"},
				"west": {"uv": [6, 4, 9, 4.5], "texture": "#2"},
				"up": {"uv": [3, 4, 0, 2.5], "texture": "#2"},
				"down": {"uv": [3, 2.5, 1.5, 4], "texture": "#2"}
			}
		},
		{
			"name": "2",
			"from": [3, 10, 3],
			"to": [13, 14, 13],
			"rotation": {"angle": 0, "axis": "y", "origin": [4, 10, 3]},
			"faces": {
				"north": {"uv": [0, 7, 5, 8], "texture": "#2"},
				"east": {"uv": [5, 7, 10, 8], "texture": "#2"},
				"south": {"uv": [0, 7, 5, 8], "texture": "#2"},
				"west": {"uv": [5, 7, 10, 8], "texture": "#2"},
				"up": {"uv": [0, 4.5, 5, 7], "texture": "#2"}
			}
		},
		{
			"name": "3",
			"from": [2, 2, 2],
			"to": [14, 10, 14],
			"faces": {
				"north": {"uv": [0, 11, 6, 13], "texture": "#2"},
				"east": {"uv": [6, 11, 12, 13], "texture": "#2"},
				"south": {"uv": [0, 11, 6, 13], "texture": "#2"},
				"west": {"uv": [6, 11, 12, 13], "texture": "#2"},
				"up": {"uv": [12, 11, 6, 8], "texture": "#2"},
				"down": {"uv": [6, 8, 0, 11], "texture": "#2"}
			}
		},
		{
			"name": "4",
			"from": [3, 0, 3],
			"to": [13, 2, 13],
			"faces": {
				"north": {"uv": [5, 15.5, 10, 16], "texture": "#2"},
				"east": {"uv": [0, 15.5, 5, 16], "texture": "#2"},
				"south": {"uv": [5, 15.5, 10, 16], "texture": "#2"},
				"west": {"uv": [0, 15.5, 5, 16], "texture": "#2"},
				"up": {"uv": [2.5, 15.5, 0, 13], "texture": "#2"},
				"down": {"uv": [5, 13, 0, 15.5], "texture": "#2"}
			}
		}
	],
	"groups": [
		{
			"name": "Dragon Egg",
			"origin": [0, 0, 0],
			"color": 0,
			"children": [0, 1, 2, 3]
		}
	]
}