{
	"credit": "Stardust did something here",
	"ambientocclusion": false,
	"textures": {
		"particle": "block/redstone_torch",
		"torch": "block/redstone_torch"
	},
	"elements": [
		{
			"from": [7, 0, 7],
			"to": [9, 10, 9],
			"shade": false,
			"faces": {
				"up": {"uv": [7, 3, 9, 5], "texture": "#torch"},
				"down": {"uv": [7, 13, 9, 15], "texture": "#torch"}
			}
		},
		{
			"from": [0, 0, 7],
			"to": [16, 11, 9],
			"shade": false,
			"faces": {
				"north": {"uv": [0, 5, 16, 16], "texture": "#torch"},
				"south": {"uv": [0, 5, 16, 16], "texture": "#torch"}
			}
		},
		{
			"from": [7, 0, 0],
			"to": [9, 11, 16],
			"shade": false,
			"faces": {
				"east": {"uv": [0, 5, 16, 16], "texture": "#torch"},
				"west": {"uv": [0, 5, 16, 16], "texture": "#torch"}
			}
		}
	],
	"groups": [
		{
			"name": "Torch",
			"origin": [0, 0, 0],
			"color": 0,
			"children": [0, 1, 2]
		}
	]
}