{
	"credit": "Stardust did something here",
	"ambientocclusion": false,
	"textures": {
		"particle": "block/soul_torch",
		"torch": "block/soul_torch"
	},
	"elements": [
		{
			"from": [-1, 3.5, 7],
			"to": [1, 13.5, 9],
			"shade": false,
			"rotation": {"angle": -22.5, "axis": "z", "origin": [0, 3.5, 8]},
			"faces": {
				"up": {"uv": [7, 3, 9, 5], "texture": "#torch"},
				"down": {"uv": [7, 13, 9, 15], "texture": "#torch"}
			}
		},
		{
			"from": [-1, 3.5, 0],
			"to": [1, 13.5, 16],
			"shade": false,
			"rotation": {"angle": -22.5, "axis": "z", "origin": [0, 3.5, 8]},
			"faces": {
				"east": {"uv": [0, 6, 16, 16], "texture": "#torch"},
				"west": {"uv": [0, 6, 16, 16], "texture": "#torch"}
			}
		},
		{
			"from": [-8, 3.5, 7],
			"to": [8, 13.5, 9],
			"shade": false,
			"rotation": {"angle": -22.5, "axis": "z", "origin": [0, 3.5, 8]},
			"faces": {
				"north": {"uv": [0, 6, 16, 16], "texture": "#torch"},
				"south": {"uv": [0, 6, 16, 16], "texture": "#torch"}
			}
		}
	]
}