{
	"credit": "Stardust did something here",
	"textures": {
		"1": "item/fireworks/firework_brown"
	},
	"elements": [
		{
			"name": "Body",
			"from": [8, 4, 7.5],
			"to": [10, 10, 9.5],
			"faces": {
				"north": {"uv": [4, 10, 6, 16], "texture": "#1"},
				"east": {"uv": [10, 10, 12, 16], "texture": "#1"},
				"south": {"uv": [8, 10, 10, 16], "texture": "#1"},
				"west": {"uv": [6, 10, 8, 16], "texture": "#1"},
				"down": {"uv": [7, 1, 9, 3], "texture": "#1"}
			}
		},
		{
			"name": "Stick",
			"from": [8, -1, 7.5],
			"to": [9, 4, 8.5],
			"rotation": {"angle": 0, "axis": "y", "origin": [8.5, 0.5, 8]},
			"faces": {
				"north": {"uv": [14, 12, 13, 16], "texture": "#1"},
				"east": {"uv": [14, 12, 13, 16], "texture": "#1"},
				"south": {"uv": [14, 12, 13, 16], "texture": "#1"},
				"west": {"uv": [14, 12, 13, 16], "texture": "#1"},
				"down": {"uv": [13, 15, 14, 16], "texture": "#1"}
			}
		},
		{
			"name": "Fuse",
			"from": [9, 1, 8.5],
			"to": [13, 4, 8.5],
			"rotation": {"angle": -45, "axis": "y", "origin": [9, 0.5, 8.5]},
			"faces": {
				"north": {"uv": [12, 8, 16, 11], "texture": "#1"},
				"south": {"uv": [16, 8, 12, 11], "texture": "#1"}
			}
		},
		{
			"name": "Bottom",
			"from": [7, 10, 7.5],
			"to": [11, 12, 9.5],
			"rotation": {"angle": 0, "axis": "y", "origin": [9, 11, 8.5]},
			"faces": {
				"north": {"uv": [6, 3, 10, 5], "texture": "#1"},
				"east": {"uv": [7, 4, 9, 6], "texture": "#1"},
				"south": {"uv": [6, 3, 10, 5], "texture": "#1"},
				"west": {"uv": [7, 4, 9, 6], "texture": "#1"},
				"up": {"uv": [7, 0, 9, 4], "rotation": 90, "texture": "#1"},
				"down": {"uv": [6, 0, 8, 4], "rotation": 270, "texture": "#1"}
			}
		},
		{
			"name": "Bottom",
			"from": [8, 10, 6.5],
			"to": [10, 12, 10.5],
			"faces": {
				"north": {"uv": [7, 4, 9, 6], "texture": "#1"},
				"east": {"uv": [6, 3, 10, 5], "texture": "#1"},
				"south": {"uv": [7, 4, 9, 6], "texture": "#1"},
				"west": {"uv": [6, 3, 10, 5], "texture": "#1"},
				"up": {"uv": [7, 0, 9, 4], "texture": "#1"},
				"down": {"uv": [8, 0, 10, 4], "texture": "#1"}
			}
		},
		{
			"name": "Mid",
			"from": [8, 12, 7.5],
			"to": [10, 13, 9.5],
			"faces": {
				"north": {"uv": [8, 0, 10, 1], "texture": "#1"},
				"east": {"uv": [6, 3, 8, 4], "texture": "#1"},
				"south": {"uv": [8, 0, 10, 1], "texture": "#1"},
				"west": {"uv": [6, 3, 8, 4], "texture": "#1"},
				"up": {"uv": [7, 1, 9, 3], "texture": "#1"}
			}
		},
		{
			"name": "Top",
			"from": [8.5, 13, 8],
			"to": [9.5, 14, 9],
			"faces": {
				"north": {"uv": [2, 2, 3, 3], "texture": "#1"},
				"east": {"uv": [2, 2, 3, 3], "texture": "#1"},
				"south": {"uv": [2, 2, 3, 3], "texture": "#1"},
				"west": {"uv": [2, 2, 3, 3], "texture": "#1"},
				"up": {"uv": [2, 2, 3, 3], "texture": "#1"}
			}
		}
	],
	"gui_light": "front",
	"display": {
		"thirdperson_righthand": {
			"rotation": [0, -90, 0],
			"translation": [0, 5, 1],
			"scale": [0.55, 0.55, 0.55]
		},
		"thirdperson_lefthand": {
			"translation": [0.25, 5, 1],
			"scale": [0.55, 0.55, 0.55]
		},
		"firstperson_righthand": {
			"rotation": [0, -90, 25],
			"translation": [1.13, 3.2, 1.13],
			"scale": [0.68, 0.68, 0.68]
		},
		"firstperson_lefthand": {
			"rotation": [0, -90, 25],
			"translation": [2.63, 3.2, 1.13],
			"scale": [0.68, 0.68, 0.68]
		},
		"ground": {
			"translation": [0, 2, 0],
			"scale": [0.5, 0.5, 0.5]
		},
		"gui": {
			"rotation": [0, 90, 0],
			"translation": [-0.5, 1, 0]
		},
		"head": {
			"rotation": [0, 90, 0],
			"translation": [0, 15.25, 0]
		},
		"fixed": {
			"rotation": [0, 180, 0]
		}
	},
	"groups": [
		{
			"name": "firework_rocket",
			"origin": [0, 0, 0],
			"color": 0,
			"children": [
				0,
				1,
				2,
				{
					"name": "Nose",
					"origin": [0, 0, 0],
					"color": 0,
					"children": [3, 4, 5, 6]
				}
			]
		}
	]
}