{
	"credit": "Stardust did something here",
	"textures": {
		"1": "item/fireworks/firework_purple",
		"particle": "item/fireworks/firework_purple"
	},
	"elements": [
		{
			"from": [7, 2, 6.5],
			"to": [10, 10, 9.5],
			"faces": {
				"north": {"uv": [0, 8, 3, 16], "texture": "#1"},
				"east": {"uv": [9, 8, 12, 16], "texture": "#1"},
				"south": {"uv": [6, 8, 9, 16], "texture": "#1"},
				"west": {"uv": [3, 8, 6, 16], "texture": "#1"},
				"down": {"uv": [1, 1, 4, 4], "texture": "#1"}
			}
		},
		{
			"from": [8, -1, 7.5],
			"to": [9, 2, 8.5],
			"faces": {
				"north": {"uv": [14, 12, 13, 15], "texture": "#1"},
				"east": {"uv": [14, 12, 13, 15], "texture": "#1"},
				"south": {"uv": [14, 12, 13, 15], "texture": "#1"},
				"west": {"uv": [14, 12, 13, 15], "texture": "#1"},
				"down": {"uv": [13, 15, 14, 16], "texture": "#1"}
			}
		},
		{
			"name": "Fuse",
			"from": [8.5, -1, 3.5],
			"to": [8.5, 2, 7.5],
			"faces": {
				"east": {"uv": [16, 8, 12, 11], "texture": "#1"},
				"west": {"uv": [12, 8, 16, 11], "texture": "#1"}
			}
		},
		{
			"from": [6, 10, 5.5],
			"to": [11, 12, 10.5],
			"faces": {
				"north": {"uv": [0, 5, 5, 7], "texture": "#1"},
				"east": {"uv": [0, 5, 5, 7], "texture": "#1"},
				"south": {"uv": [0, 5, 5, 7], "texture": "#1"},
				"west": {"uv": [0, 5, 5, 7], "texture": "#1"},
				"up": {"uv": [0, 0, 5, 5], "texture": "#1"},
				"down": {"uv": [0, 0, 5, 5], "texture": "#1"}
			}
		},
		{
			"from": [7, 12, 6.5],
			"to": [10, 13, 9.5],
			"faces": {
				"north": {"uv": [1, 3, 4, 4], "texture": "#1"},
				"east": {"uv": [1, 3, 4, 4], "texture": "#1"},
				"south": {"uv": [1, 3, 4, 4], "texture": "#1"},
				"west": {"uv": [1, 3, 4, 4], "texture": "#1"},
				"up": {"uv": [1, 1, 4, 4], "texture": "#1"}
			}
		},
		{
			"from": [8, 13, 7.5],
			"to": [9, 14, 8.5],
			"faces": {
				"north": {"uv": [2, 2, 3, 3], "texture": "#1"},
				"east": {"uv": [2, 2, 3, 3], "texture": "#1"},
				"south": {"uv": [2, 2, 3, 3], "texture": "#1"},
				"west": {"uv": [2, 2, 3, 3], "texture": "#1"},
				"up": {"uv": [2, 2, 3, 3], "texture": "#1"}
			}
		}
	],
	"gui_light": "front",
	"display": {
		"thirdperson_righthand": {
			"translation": [0, 5, 1],
			"scale": [0.55, 0.55, 0.55]
		},
		"thirdperson_lefthand": {
			"translation": [0, 5, 1],
			"scale": [0.55, 0.55, 0.55]
		},
		"firstperson_righthand": {
			"rotation": [0, -90, 25],
			"translation": [1.13, 3.2, 1.13],
			"scale": [0.68, 0.68, 0.68]
		},
		"firstperson_lefthand": {
			"rotation": [0, -90, 25],
			"translation": [1.13, 3.2, 1.13],
			"scale": [0.68, 0.68, 0.68]
		},
		"ground": {
			"translation": [0, 2, 0],
			"scale": [0.5, 0.5, 0.5]
		},
		"gui": {
			"rotation": [0, 90, 0],
			"translation": [0, 1, 0]
		},
		"head": {
			"rotation": [0, 90, 0],
			"translation": [0, 15.25, 0]
		},
		"fixed": {
			"rotation": [0, 180, 0]
		}
	},
	"groups": [
		{
			"name": "firework_rocket",
			"origin": [0, 0, 0],
			"color": 0,
			"children": [0, 1, 2, 3, 4, 5]
		}
	]
}