{
	"type": "minecraft:random_selector",
	"config": {
		"features": [
			{
				"chance": 0.3333,
				"feature": {
					"feature": "fokastudio:warped_forest/delta_1",
					"placement": []
				}
			},
			{
				"chance": 0.3333,
				"feature": {
					"feature": "fokastudio:warped_forest/delta_2",
					"placement": []
				}
			},
			{
				"chance": 0.3333,
				"feature": {
					"feature": "fokastudio:warped_forest/delta_3",
					"placement": []
				}
			}
		],
		"default": {
			"feature": {
				"type": "no_op",
				"config": {}
			},
			"placement": []
		}
	}
}
